{"app":["/app-4b8eacb39373311f3f71.js"],"component---src-pages-about-js":["/component---src-pages-about-js-54af4f9219c7533ac8dd.js"],"component---src-pages-index-js":["/component---src-pages-index-js-af6c14d7ef976cfe3f6c.js"],"component---src-pages-login-js":["/component---src-pages-login-js-6cc5d66fbb9975cffa92.js"],"component---src-pages-register-js":["/component---src-pages-register-js-57a5ea805ee944aa4943.js"],"component---src-pages-vehicles-index-js":["/component---src-pages-vehicles-index-js-cbf8442af154c876855c.js"],"component---src-templates-vehicles-template-js":["/component---src-templates-vehicles-template-js-24db3298efffa03539f3.js"]}