{
  "id": "HONDA",
  "name": "Honda",
  "icon": "simple-icons:honda",
  "color": "#DA251D",
  "carousel": [
    {
      "alt": "CR-V",
      "url": "https://images.unsplash.com/photo-1519641471654-76ce0107ad1b?q=80&w=2071&auto=format&fit=crop&ixlib=rb-4.0.3&ixid=M3wxMjA3fDB8MHxwaG90by1wYWdlfHx8fGVufDB8fHx8fA%3D%3D"
    },
    {
      "alt": "Staring Wheel",
      "url": "https://images.unsplash.com/photo-1577436864274-bcd551d82b6b?q=80&w=2070&auto=format&fit=crop&ixlib=rb-4.0.3&ixid=M3wxMjA3fDB8MHxwaG90by1wYWdlfHx8fGVufDB8fHx8fA%3D%3D"
    },
    {
      "alt": "Type R",
      "url": "https://images.unsplash.com/photo-1605756580041-21312e9fb2bc?q=80&w=2070&auto=format&fit=crop&ixlib=rb-4.0.3&ixid=M3wxMjA3fDB8MHxwaG90by1wYWdlfHx8fGVufDB8fHx8fA%3D%3D"
    }
  ],
  "about": "Welcome to Honda!\n\nSince our inception, Honda has been committed to advancing mobility and improving lives around the globe. Our innovative spirit drives us to create products that enhance the joy of mobility and contribute to a sustainable future.\n\nFrom our pioneering automobiles and motorcycles to our cutting-edge power equipment, Honda continuously strives to deliver quality, reliability, and innovative solutions that meet the needs of our customers. We take pride in our heritage and look forward to shaping the future with you.\n\nAt Honda, we believe in \"The Power of Dreams.\" Our mission is to turn dreams into reality through technological advancements and unwavering dedication to quality.\n\nThank you for choosing Honda."
}
