{
  "id": "NISSAN",
  "name": "Nissan",
  "icon": "simple-icons:nissan",
  "color": "#C3002F",
  "carousel": [
    {
      "alt": "370Z",
      "url": "https://images.unsplash.com/photo-1611088135597-7eef8abb1a3b?q=80&w=2070&auto=format&fit=crop&ixlib=rb-4.0.3&ixid=M3wxMjA3fDB8MHxwaG90by1wYWdlfHx8fGVufDB8fHx8fA%3D%3D"
    },
    {
      "alt": "Staring Wheel",
      "url": "https://images.unsplash.com/photo-1616512392569-fadfa4ead5e7?q=80&w=2070&auto=format&fit=crop&ixlib=rb-4.0.3&ixid=M3wxMjA3fDB8MHxwaG90by1wYWdlfHx8fGVufDB8fHx8fA%3D%3D"
    },
    {
      "alt": "Pathfinder",
      "url": "https://images.unsplash.com/photo-1632229423421-96d0db9cff9c?q=80&w=2072&auto=format&fit=crop&ixlib=rb-4.0.3&ixid=M3wxMjA3fDB8MHxwaG90by1wYWdlfHx8fGVufDB8fHx8fA%3D%3D"
    }
  ],
  "about": "Welcome to Nissan!\n\nFor decades, Nissan has been at the forefront of the automotive industry, delivering vehicles that combine innovation, performance, and style. Our commitment to excellence and sustainability is evident in every vehicle we produce.\n\nFrom our iconic sports cars to our versatile SUVs and cutting-edge electric vehicles, Nissan is dedicated to enhancing your driving experience. We prioritize safety, innovation, and environmental responsibility in all our designs.\n\nJoin us on our journey as we continue to push the boundaries of what’s possible in the automotive world. At Nissan, we don’t just build cars; we create driving experiences.\n\nThank you for being a part of the Nissan family."
}
