{"name":"build-javascript","namedChunkGroups":{"app":{"name":"app","assets":[{"name":"webpack-runtime-22d6f0e50d51471fad3b.js","size":4175},{"name":"framework-adc840d619fba6d1d9cd.js","size":141447},{"name":"styles.44c9b81a64e0ea4d50d2.css","size":207529},{"name":"app-4b8eacb39373311f3f71.js","size":62153}],"filteredAssets":0,"assetsSize":415304,"filteredAuxiliaryAssets":3,"auxiliaryAssetsSize":593058},"component---src-pages-about-js":{"name":"component---src-pages-about-js","assets":[{"name":"framework-adc840d619fba6d1d9cd.js","size":141447},{"name":"fea29d9f-886e4bfd5e926c661db9.js","size":757},{"name":"41155975-c3a2424a3a88b34ff2ad.js","size":1649},{"name":"cb355538-8bab7b58ddaed502a21f.js","size":709},{"name":"5d416436-93ba2f190d37df48bd60.js","size":5543},{"name":"5c0b189e-fb92ba014afd3653dcbc.js","size":42124},{"name":"commons-c596ab9cbdb99bbe6fad.js","size":241397},{"name":"component---src-pages-about-js-54af4f9219c7533ac8dd.js","size":877}],"filteredAssets":0,"assetsSize":434503,"filteredAuxiliaryAssets":8,"auxiliaryAssetsSize":7284945},"component---src-pages-index-js":{"name":"component---src-pages-index-js","assets":[{"name":"framework-adc840d619fba6d1d9cd.js","size":141447},{"name":"fea29d9f-886e4bfd5e926c661db9.js","size":757},{"name":"41155975-c3a2424a3a88b34ff2ad.js","size":1649},{"name":"cb355538-8bab7b58ddaed502a21f.js","size":709},{"name":"5d416436-93ba2f190d37df48bd60.js","size":5543},{"name":"5c0b189e-fb92ba014afd3653dcbc.js","size":42124},{"name":"commons-c596ab9cbdb99bbe6fad.js","size":241397},{"name":"component---src-pages-index-js-af6c14d7ef976cfe3f6c.js","size":3819}],"filteredAssets":0,"assetsSize":437445,"filteredAuxiliaryAssets":8,"auxiliaryAssetsSize":7291567},"component---src-pages-login-js":{"name":"component---src-pages-login-js","assets":[{"name":"framework-adc840d619fba6d1d9cd.js","size":141447},{"name":"fea29d9f-886e4bfd5e926c661db9.js","size":757},{"name":"41155975-c3a2424a3a88b34ff2ad.js","size":1649},{"name":"cb355538-8bab7b58ddaed502a21f.js","size":709},{"name":"5d416436-93ba2f190d37df48bd60.js","size":5543},{"name":"5c0b189e-fb92ba014afd3653dcbc.js","size":42124},{"name":"commons-c596ab9cbdb99bbe6fad.js","size":241397},{"name":"component---src-pages-login-js-6cc5d66fbb9975cffa92.js","size":1851}],"filteredAssets":0,"assetsSize":435477,"filteredAuxiliaryAssets":8,"auxiliaryAssetsSize":7287951},"component---src-pages-register-js":{"name":"component---src-pages-register-js","assets":[{"name":"framework-adc840d619fba6d1d9cd.js","size":141447},{"name":"fea29d9f-886e4bfd5e926c661db9.js","size":757},{"name":"41155975-c3a2424a3a88b34ff2ad.js","size":1649},{"name":"cb355538-8bab7b58ddaed502a21f.js","size":709},{"name":"5d416436-93ba2f190d37df48bd60.js","size":5543},{"name":"5c0b189e-fb92ba014afd3653dcbc.js","size":42124},{"name":"commons-c596ab9cbdb99bbe6fad.js","size":241397},{"name":"component---src-pages-register-js-57a5ea805ee944aa4943.js","size":2053}],"filteredAssets":0,"assetsSize":435679,"filteredAuxiliaryAssets":8,"auxiliaryAssetsSize":7288477},"component---src-pages-vehicles-index-js":{"name":"component---src-pages-vehicles-index-js","assets":[{"name":"framework-adc840d619fba6d1d9cd.js","size":141447},{"name":"fea29d9f-886e4bfd5e926c661db9.js","size":757},{"name":"41155975-c3a2424a3a88b34ff2ad.js","size":1649},{"name":"cb355538-8bab7b58ddaed502a21f.js","size":709},{"name":"5d416436-93ba2f190d37df48bd60.js","size":5543},{"name":"5c0b189e-fb92ba014afd3653dcbc.js","size":42124},{"name":"commons-c596ab9cbdb99bbe6fad.js","size":241397},{"name":"component---src-pages-vehicles-index-js-cbf8442af154c876855c.js","size":2715}],"filteredAssets":0,"assetsSize":436341,"filteredAuxiliaryAssets":8,"auxiliaryAssetsSize":7289568},"component---src-templates-vehicles-template-js":{"name":"component---src-templates-vehicles-template-js","assets":[{"name":"framework-adc840d619fba6d1d9cd.js","size":141447},{"name":"fea29d9f-886e4bfd5e926c661db9.js","size":757},{"name":"41155975-c3a2424a3a88b34ff2ad.js","size":1649},{"name":"cb355538-8bab7b58ddaed502a21f.js","size":709},{"name":"5d416436-93ba2f190d37df48bd60.js","size":5543},{"name":"5c0b189e-fb92ba014afd3653dcbc.js","size":42124},{"name":"commons-c596ab9cbdb99bbe6fad.js","size":241397},{"name":"component---src-templates-vehicles-template-js-24db3298efffa03539f3.js","size":2886}],"filteredAssets":0,"assetsSize":436512,"filteredAuxiliaryAssets":8,"auxiliaryAssetsSize":7290235}},"assetsByChunkName":{"app":["webpack-runtime-22d6f0e50d51471fad3b.js","framework-adc840d619fba6d1d9cd.js","styles.44c9b81a64e0ea4d50d2.css","app-4b8eacb39373311f3f71.js"],"component---src-pages-about-js":["framework-adc840d619fba6d1d9cd.js","fea29d9f-886e4bfd5e926c661db9.js","41155975-c3a2424a3a88b34ff2ad.js","cb355538-8bab7b58ddaed502a21f.js","5d416436-93ba2f190d37df48bd60.js","5c0b189e-fb92ba014afd3653dcbc.js","commons-c596ab9cbdb99bbe6fad.js","component---src-pages-about-js-54af4f9219c7533ac8dd.js"],"component---src-pages-index-js":["framework-adc840d619fba6d1d9cd.js","fea29d9f-886e4bfd5e926c661db9.js","41155975-c3a2424a3a88b34ff2ad.js","cb355538-8bab7b58ddaed502a21f.js","5d416436-93ba2f190d37df48bd60.js","5c0b189e-fb92ba014afd3653dcbc.js","commons-c596ab9cbdb99bbe6fad.js","component---src-pages-index-js-af6c14d7ef976cfe3f6c.js"],"component---src-pages-login-js":["framework-adc840d619fba6d1d9cd.js","fea29d9f-886e4bfd5e926c661db9.js","41155975-c3a2424a3a88b34ff2ad.js","cb355538-8bab7b58ddaed502a21f.js","5d416436-93ba2f190d37df48bd60.js","5c0b189e-fb92ba014afd3653dcbc.js","commons-c596ab9cbdb99bbe6fad.js","component---src-pages-login-js-6cc5d66fbb9975cffa92.js"],"component---src-pages-register-js":["framework-adc840d619fba6d1d9cd.js","fea29d9f-886e4bfd5e926c661db9.js","41155975-c3a2424a3a88b34ff2ad.js","cb355538-8bab7b58ddaed502a21f.js","5d416436-93ba2f190d37df48bd60.js","5c0b189e-fb92ba014afd3653dcbc.js","commons-c596ab9cbdb99bbe6fad.js","component---src-pages-register-js-57a5ea805ee944aa4943.js"],"component---src-pages-vehicles-index-js":["framework-adc840d619fba6d1d9cd.js","fea29d9f-886e4bfd5e926c661db9.js","41155975-c3a2424a3a88b34ff2ad.js","cb355538-8bab7b58ddaed502a21f.js","5d416436-93ba2f190d37df48bd60.js","5c0b189e-fb92ba014afd3653dcbc.js","commons-c596ab9cbdb99bbe6fad.js","component---src-pages-vehicles-index-js-cbf8442af154c876855c.js"],"component---src-templates-vehicles-template-js":["framework-adc840d619fba6d1d9cd.js","fea29d9f-886e4bfd5e926c661db9.js","41155975-c3a2424a3a88b34ff2ad.js","cb355538-8bab7b58ddaed502a21f.js","5d416436-93ba2f190d37df48bd60.js","5c0b189e-fb92ba014afd3653dcbc.js","commons-c596ab9cbdb99bbe6fad.js","component---src-templates-vehicles-template-js-24db3298efffa03539f3.js"]},"childAssetsByChunkName":{}}